"participantId","ACC_1","Precision_1","Recall_1","F1_1","Annotations_1","TP_1","FP_1","FN_1","TN_1","ACC_2","Precision_2","Recall_2","F1_2","Annotations_2","TP_2","FP_2","FN_2","TN_2","ACC_3","Precision_3","Recall_3","F1_3","Annotations_3","TP_3","FP_3","FN_3","TN_3","ACC_4","Precision_4","Recall_4","F1_4","Annotations_4","TP_4","FP_4","FN_4","TN_4","ACC_5","Precision_5","Recall_5","F1_5","Annotations_5","TP_5","FP_5","FN_5","TN_5","ACC_6","Precision_6","Recall_6","F1_6","Annotations_6","TP_6","FP_6","FN_6","TN_6"
"77392625-9933-4210-a69c-28caa4e0e952",0.621,NA,0,NA,0,0,0,11,18,0.812,0.5,0.333,0.4,4,2,2,4,24,0.562,NA,0,NA,0,0,0,14,18,0.727,NA,0,NA,0,0,0,9,24,0.567,NA,0,NA,0,0,0,13,17,0.85,NA,0,NA,0,0,0,6,34
"5cbee138-58c1-4dfc-bfd2-fe4cc3f70e18",0.759,0.75,0.545,0.632,8,6,2,5,16,0.812,NA,0,NA,0,0,0,6,26,0.594,0.6,0.214,0.316,5,3,2,11,16,0.848,0.833,0.556,0.667,6,5,1,4,23,0.633,0.75,0.231,0.353,4,3,1,10,16,0.9,1,0.333,0.5,2,2,0,4,34
"282e6896-92cc-4052-8876-62741544b956",0.621,NA,0,NA,0,0,0,11,18,0.938,1,0.667,0.8,4,4,0,2,26,0.562,0.5,0.071,0.125,2,1,1,13,17,0.818,1,0.333,0.5,3,3,0,6,24,0.6,0.667,0.154,0.25,3,2,1,11,16,0.85,NA,0,NA,0,0,0,6,34
"b195d194-edac-4bdb-997f-adbf9bb32dac",0.69,0.75,0.273,0.4,4,3,1,8,17,0.938,1,0.667,0.8,4,4,0,2,26,0.688,1,0.286,0.444,4,4,0,10,18,0.788,1,0.222,0.364,2,2,0,7,24,0.667,1,0.231,0.375,3,3,0,10,17,0.925,0.8,0.667,0.727,5,4,1,2,33
"3b6f92c1-18a0-46b0-bc6b-74bde90f1192",0.621,NA,0,NA,0,0,0,11,18,0.844,1,0.167,0.286,1,1,0,5,26,0.625,0.75,0.214,0.333,4,3,1,11,17,0.818,0.714,0.556,0.625,7,5,2,4,22,0.7,1,0.308,0.471,4,4,0,9,17,0.9,1,0.333,0.5,2,2,0,4,34
"414dc63c-ba77-446f-acba-6a742afb23e3",0.724,1,0.273,0.429,3,3,0,8,18,0.75,0.25,0.167,0.2,4,1,3,5,23,0.625,0.75,0.214,0.333,4,3,1,11,17,0.818,1,0.333,0.5,3,3,0,6,24,0.767,1,0.462,0.632,6,6,0,7,17,0.825,0.333,0.167,0.222,3,1,2,5,32
"7c3fa997-4365-4d49-8258-6f84cd1a9208",0.897,0.9,0.818,0.857,10,9,1,2,17,0.969,1,0.833,0.909,5,5,0,1,26,0.781,1,0.5,0.667,7,7,0,7,18,0.818,0.714,0.556,0.625,7,5,2,4,22,0.7,0.833,0.385,0.526,6,5,1,8,16,0.95,1,0.667,0.8,4,4,0,2,34
"4295497c-0fc9-47fd-b52e-28e3def0248e",0.724,0.636,0.636,0.636,11,7,4,4,14,0.844,1,0.167,0.286,1,1,0,5,26,0.719,1,0.357,0.526,5,5,0,9,18,0.879,1,0.556,0.714,5,5,0,4,24,0.7,0.75,0.462,0.571,8,6,2,7,15,0.875,1,0.167,0.286,1,1,0,5,34
"a7c66bb0-35dd-4292-8815-ba941f37cd52",0.897,1,0.727,0.842,8,8,0,3,18,0.938,0.833,0.833,0.833,6,5,1,1,25,0.719,1,0.357,0.526,5,5,0,9,18,0.818,0.8,0.444,0.571,5,4,1,5,23,0.8,1,0.538,0.7,7,7,0,6,17,0.9,0.667,0.667,0.667,6,4,2,2,32
"759d0f84-7e7d-4b5a-a49a-8aabe0394e68",0.793,1,0.455,0.625,5,5,0,6,18,0.938,1,0.667,0.8,4,4,0,2,26,0.594,1,0.071,0.133,1,1,0,13,18,0.879,1,0.556,0.714,5,5,0,4,24,0.667,0.8,0.308,0.444,5,4,1,9,16,0.95,1,0.667,0.8,4,4,0,2,34
"903418ce-0b6c-4c29-a972-446ac5092e34",0.724,0.667,0.545,0.6,9,6,3,5,15,0.781,0.4,0.333,0.364,5,2,3,4,23,0.719,1,0.357,0.526,5,5,0,9,18,0.879,1,0.556,0.714,5,5,0,4,24,0.667,0.667,0.462,0.545,9,6,3,7,14,0.9,0.667,0.667,0.667,6,4,2,2,32
"14f9f009-ec0a-4ec4-b3ca-09472babadf6",0.655,0.667,0.182,0.286,3,2,1,9,17,0.844,1,0.167,0.286,1,1,0,5,26,0.688,0.833,0.357,0.5,6,5,1,9,17,0.848,0.833,0.556,0.667,6,5,1,4,23,0.733,0.727,0.615,0.667,11,8,3,5,14,0.925,1,0.5,0.667,3,3,0,3,34
"8865d20c-f91f-4c05-9dcd-b346838fce97",0.552,0,0,NA,2,0,2,11,16,0.75,0.4,0.667,0.5,10,4,6,2,20,0.656,0.8,0.286,0.421,5,4,1,10,17,0.879,0.778,0.778,0.778,9,7,2,2,22,0.767,0.714,0.769,0.741,14,10,4,3,13,0.75,0.167,0.167,0.167,6,1,5,5,29
"6400fd5e-1ad7-450c-9f2c-001c39c75224",0.655,1,0.091,0.167,1,1,0,10,18,NA,NA,NA,NA,NA,NA,NA,NA,NA,0.562,NA,0,NA,0,0,0,14,18,0.758,0.667,0.222,0.333,3,2,1,7,23,0.567,0.5,0.154,0.235,4,2,2,11,15,0.85,NA,0,NA,0,0,0,6,34
"ec388958-27ee-4539-9630-c18175db3550",0.517,0,0,NA,3,0,3,11,15,0.75,0.4,0.667,0.5,10,4,6,2,20,0.562,0.5,0.286,0.364,8,4,4,10,14,0.697,0.429,0.333,0.375,7,3,4,6,20,0.633,0.625,0.385,0.476,8,5,3,8,14,0.65,0.1,0.167,0.125,10,1,9,5,25
"b436a666-e38e-4937-ac9a-d311670edfbb",0.655,0.6,0.273,0.375,5,3,2,8,16,0.844,0.6,0.5,0.545,5,3,2,3,24,0.562,0.5,0.214,0.3,6,3,3,11,15,0.788,1,0.222,0.364,2,2,0,7,24,0.667,0.636,0.538,0.583,11,7,4,6,13,0.9,1,0.333,0.5,2,2,0,4,34
"cc359664-e6a3-4838-8322-c0691d7b1af6",0.759,1,0.364,0.533,4,4,0,7,18,0.812,NA,0,NA,0,0,0,6,26,0.656,1,0.214,0.353,3,3,0,11,18,0.939,1,0.778,0.875,7,7,0,2,24,0.7,0.833,0.385,0.526,6,5,1,8,16,0.85,NA,0,NA,0,0,0,6,34
"d88c849a-c501-4ca5-9cef-67316b9c8e09",0.586,0.333,0.091,0.143,3,1,2,10,16,0.75,0,0,NA,2,0,2,6,24,0.469,0,0,NA,3,0,3,14,15,0.727,0.5,0.111,0.182,2,1,1,8,23,0.533,0.333,0.077,0.125,3,1,2,12,15,0.8,0,0,NA,2,0,2,6,32
"48f658cb-bc2c-4188-937e-8ae6b4ab5a77",0.621,0.5,0.273,0.353,6,3,3,8,15,0.938,1,0.667,0.8,4,4,0,2,26,0.656,0.714,0.357,0.476,7,5,2,9,16,0.788,0.667,0.444,0.533,6,4,2,5,22,0.5,0.444,0.615,0.516,18,8,10,5,7,0.825,0.429,0.5,0.462,7,3,4,3,30
"abd5c6b9-1394-4223-887f-d2771278aa3b",0.621,NA,0,NA,0,0,0,11,18,0.812,NA,0,NA,0,0,0,6,26,0.656,1,0.214,0.353,3,3,0,11,18,0.848,0.833,0.556,0.667,6,5,1,4,23,0.7,0.75,0.462,0.571,8,6,2,7,15,0.925,1,0.5,0.667,3,3,0,3,34
"0b617a9a-c91c-492c-a836-38922020d9a8",0.69,0.75,0.273,0.4,4,3,1,8,17,0.969,1,0.833,0.909,5,5,0,1,26,0.688,1,0.286,0.444,4,4,0,10,18,0.879,1,0.556,0.714,5,5,0,4,24,0.667,0.8,0.308,0.444,5,4,1,9,16,0.9,1,0.333,0.5,2,2,0,4,34
"e0e62207-38f5-4ca1-9a22-b17e10ec7c21",0.621,NA,0,NA,0,0,0,11,18,0.844,1,0.167,0.286,1,1,0,5,26,0.594,1,0.071,0.133,1,1,0,13,18,0.758,1,0.111,0.2,1,1,0,8,24,0.6,1,0.077,0.143,1,1,0,12,17,0.85,0.5,0.167,0.25,2,1,1,5,33
"95950c24-e5bd-46a3-91fc-e455953b26c7",0.793,0.857,0.545,0.667,7,6,1,5,17,0.938,1,0.667,0.8,4,4,0,2,26,0.656,1,0.214,0.353,3,3,0,11,18,0.727,0.5,0.444,0.471,8,4,4,5,20,0.667,0.8,0.308,0.444,5,4,1,9,16,0.85,0.5,0.667,0.571,8,4,4,2,30
"19aca261-0243-4468-ad0b-f6ddc0f031ca",0.69,0.75,0.273,0.4,4,3,1,8,17,0.969,1,0.833,0.909,5,5,0,1,26,0.688,0.833,0.357,0.5,6,5,1,9,17,0.818,1,0.333,0.5,3,3,0,6,24,0.6,0.571,0.308,0.4,7,4,3,9,14,0.9,1,0.333,0.5,2,2,0,4,34
"730bda5a-a7e8-40ee-886f-0b9875af69c5",0.69,0.667,0.364,0.471,6,4,2,7,16,0.812,NA,0,NA,0,0,0,6,26,0.562,0.5,0.071,0.125,2,1,1,13,17,0.758,1,0.111,0.2,1,1,0,8,24,0.6,0.571,0.308,0.4,7,4,3,9,14,0.825,0,0,NA,1,0,1,6,33
"955c4e03-f180-4166-bb81-c4a4706417a0",0.759,1,0.364,0.533,4,4,0,7,18,0.812,NA,0,NA,0,0,0,6,26,0.75,1,0.429,0.6,6,6,0,8,18,0.848,1,0.444,0.615,4,4,0,5,24,0.7,0.7,0.538,0.609,10,7,3,6,14,0.85,NA,0,NA,0,0,0,6,34
"b0ef303d-eb70-4f0b-897f-dda8beadfbbe",0.517,0,0,NA,3,0,3,11,15,0.688,0.167,0.167,0.167,6,1,5,5,21,0.562,0.5,0.143,0.222,4,2,2,12,16,0.697,0.333,0.111,0.167,3,1,2,8,22,0.633,0.667,0.308,0.421,6,4,2,9,15,0.75,0.167,0.167,0.167,6,1,5,5,29
"6d7a5390-0b87-4fa6-83f4-21e9ccac66ea",0.828,0.8,0.727,0.762,10,8,2,3,16,1,1,1,1,6,6,0,0,26,0.781,0.889,0.571,0.696,9,8,1,6,17,0.788,1,0.222,0.364,2,2,0,7,24,0.733,0.857,0.462,0.6,7,6,1,7,16,0.925,1,0.5,0.667,3,3,0,3,34
"c86e2a63-740b-490d-b10b-b38a1644cb36",0.655,0.667,0.182,0.286,3,2,1,9,17,0.719,0,0,NA,3,0,3,6,23,0.594,1,0.071,0.133,1,1,0,13,18,0.758,1,0.111,0.2,1,1,0,8,24,0.567,0.5,0.154,0.235,4,2,2,11,15,0.825,0,0,NA,1,0,1,6,33
"bd678133-293e-4231-a5c5-84d0880bf70c",0.724,1,0.273,0.429,3,3,0,8,18,1,1,1,1,6,6,0,0,26,0.594,1,0.071,0.133,1,1,0,13,18,0.788,0.75,0.333,0.462,4,3,1,6,23,0.633,0.75,0.231,0.353,4,3,1,10,16,0.925,0.8,0.667,0.727,5,4,1,2,33
"1793f174-04db-43a0-9ac0-7654d38e6e54",0.724,1,0.273,0.429,3,3,0,8,18,0.812,NA,0,NA,0,0,0,6,26,0.562,0.5,0.071,0.125,2,1,1,13,17,0.818,0.714,0.556,0.625,7,5,2,4,22,0.533,0.455,0.385,0.417,11,5,6,8,11,0.85,NA,0,NA,0,0,0,6,34
"16ea57cd-ed2d-46dd-8b50-f226757b53ad",0.621,NA,0,NA,0,0,0,11,18,0.969,1,0.833,0.909,5,5,0,1,26,0.688,0.833,0.357,0.5,6,5,1,9,17,0.818,1,0.333,0.5,3,3,0,6,24,0.667,0.714,0.385,0.5,7,5,2,8,15,0.875,0.667,0.333,0.444,3,2,1,4,33
"99c644e6-27d3-404a-b045-d62d062b3273",0.759,0.667,0.727,0.696,12,8,4,3,14,0.812,NA,0,NA,0,0,0,6,26,0.562,0.5,0.429,0.462,12,6,6,8,12,0.909,1,0.667,0.8,6,6,0,3,24,0.767,0.8,0.615,0.696,10,8,2,5,15,0.925,0.8,0.667,0.727,5,4,1,2,33
"2527b6ee-ea1a-4df4-b225-5af78d74b817",0.759,1,0.364,0.533,4,4,0,7,18,0.875,1,0.333,0.5,2,2,0,4,26,0.719,1,0.357,0.526,5,5,0,9,18,0.818,1,0.333,0.5,3,3,0,6,24,0.733,0.778,0.538,0.636,9,7,2,6,15,0.85,NA,0,NA,0,0,0,6,34
"5d05f0e4-f482-492b-a6ed-6e94f17cbad3",0.793,1,0.455,0.625,5,5,0,6,18,0.812,NA,0,NA,0,0,0,6,26,0.625,1,0.143,0.25,2,2,0,12,18,0.818,1,0.333,0.5,3,3,0,6,24,0.633,1,0.154,0.267,2,2,0,11,17,0.85,NA,0,NA,0,0,0,6,34
"9aca74d9-d80a-489d-b6cf-4d788fb42900",0.759,0.75,0.545,0.632,8,6,2,5,16,0.812,NA,0,NA,0,0,0,6,26,0.562,NA,0,NA,0,0,0,14,18,0.818,0.714,0.556,0.625,7,5,2,4,22,0.6,0.667,0.154,0.25,3,2,1,11,16,0.875,1,0.167,0.286,1,1,0,5,34
"dbb9b194-91b1-4473-90d4-ef40daf67234",0.759,0.833,0.455,0.588,6,5,1,6,17,0.812,NA,0,NA,0,0,0,6,26,0.625,1,0.143,0.25,2,2,0,12,18,0.758,1,0.111,0.2,1,1,0,8,24,0.633,1,0.154,0.267,2,2,0,11,17,0.875,1,0.167,0.286,1,1,0,5,34
"d3f498a9-078f-4d55-9f87-1b3d706076b3",0.759,0.643,0.818,0.72,14,9,5,2,13,0.719,0.364,0.667,0.471,11,4,7,2,19,0.656,0.714,0.357,0.476,7,5,2,9,16,0.758,0.667,0.222,0.333,3,2,1,7,23,0.867,0.846,0.846,0.846,13,11,2,2,15,0.85,0.5,0.333,0.4,4,2,2,4,32
"3828db8f-7ceb-4e9e-b2d1-f15916151a73",0.69,0.667,0.364,0.471,6,4,2,7,16,0.844,0.667,0.333,0.444,3,2,1,4,25,0.531,0.429,0.214,0.286,7,3,4,11,14,0.818,1,0.333,0.5,3,3,0,6,24,0.667,0.636,0.538,0.583,11,7,4,6,13,0.85,NA,0,NA,0,0,0,6,34
"60a89aeb-e603-45b4-836e-0683a5e36b20",0.655,0.6,0.273,0.375,5,3,2,8,16,0.75,0.25,0.167,0.2,4,1,3,5,23,0.875,0.917,0.786,0.846,12,11,1,3,17,0.818,1,0.333,0.5,3,3,0,6,24,0.8,0.889,0.615,0.727,9,8,1,5,16,0.9,1,0.333,0.5,2,2,0,4,34
"5585e0a6-a61f-4c0e-808a-5163472a4819",0.69,0.75,0.273,0.4,4,3,1,8,17,0.812,NA,0,NA,0,0,0,6,26,NA,NA,NA,NA,NA,NA,NA,NA,NA,0.818,0.8,0.444,0.571,5,4,1,5,23,0.667,1,0.231,0.375,3,3,0,10,17,0.85,NA,0,NA,0,0,0,6,34
"c74d9ea5-80b6-44f8-b6e2-b4809170e2d5",0.69,1,0.182,0.308,2,2,0,9,18,0.844,1,0.167,0.286,1,1,0,5,26,0.656,1,0.214,0.353,3,3,0,11,18,0.788,1,0.222,0.364,2,2,0,7,24,0.633,0.75,0.231,0.353,4,3,1,10,16,0.9,1,0.333,0.5,2,2,0,4,34
"283e8cbd-1412-407a-80be-5381d8668e80",0.759,0.833,0.455,0.588,6,5,1,6,17,0.875,1,0.333,0.5,2,2,0,4,26,0.75,1,0.429,0.6,6,6,0,8,18,0.727,0.5,0.111,0.182,2,1,1,8,23,0.667,0.615,0.615,0.615,13,8,5,5,12,0.85,0.5,0.333,0.4,4,2,2,4,32
"12e91045-5a7d-4b05-a379-84b585283ca4",0.69,1,0.182,0.308,2,2,0,9,18,0.969,1,0.833,0.909,5,5,0,1,26,0.75,0.875,0.5,0.636,8,7,1,7,17,0.848,1,0.444,0.615,4,4,0,5,24,0.9,1,0.769,0.87,10,10,0,3,17,0.875,1,0.167,0.286,1,1,0,5,34
"a86cd330-0762-457e-8fde-9bb22bc0f4cc",0.724,0.8,0.364,0.5,5,4,1,7,17,0.812,NA,0,NA,0,0,0,6,26,0.75,1,0.429,0.6,6,6,0,8,18,0.879,0.857,0.667,0.75,7,6,1,3,23,0.733,1,0.385,0.556,5,5,0,8,17,0.875,1,0.167,0.286,1,1,0,5,34
"6114919e-5531-4e51-a7e4-2ffca65fb5e7",0.793,0.727,0.727,0.727,11,8,3,3,15,0.969,1,0.833,0.909,5,5,0,1,26,0.781,0.889,0.571,0.696,9,8,1,6,17,0.848,0.833,0.556,0.667,6,5,1,4,23,0.733,0.857,0.462,0.6,7,6,1,7,16,0.9,0.625,0.833,0.714,8,5,3,1,31
"38dc54d4-2336-40bd-8940-2e4386d180a2",0.655,0.571,0.364,0.444,7,4,3,7,15,0.938,1,0.667,0.8,4,4,0,2,26,0.562,0.5,0.286,0.364,8,4,4,10,14,0.758,0.667,0.222,0.333,3,2,1,7,23,0.6,0.571,0.308,0.4,7,4,3,9,14,0.85,0.5,0.333,0.4,4,2,2,4,32
"ec78dd97-c286-417d-ac0a-c6f67833f5f9",0.621,NA,0,NA,0,0,0,11,18,0.812,0.5,0.167,0.25,2,1,1,5,25,0.656,1,0.214,0.353,3,3,0,11,18,0.788,1,0.222,0.364,2,2,0,7,24,0.733,0.857,0.462,0.6,7,6,1,7,16,0.85,NA,0,NA,0,0,0,6,34
"596dd0b5-2fcd-43c3-858d-bb7ea77121ab",0.931,0.909,0.909,0.909,11,10,1,1,17,0.969,1,0.833,0.909,5,5,0,1,26,0.844,0.909,0.714,0.8,11,10,1,4,17,0.818,0.8,0.444,0.571,5,4,1,5,23,0.767,0.714,0.769,0.741,14,10,4,3,13,0.9,1,0.333,0.5,2,2,0,4,34
"528a531d-7059-4489-8509-56e7eed4d61f",0.621,NA,0,NA,0,0,0,11,18,0.562,0.167,0.333,0.222,12,2,10,4,16,0.562,0.5,0.214,0.3,6,3,3,11,15,0.545,0.125,0.111,0.118,8,1,7,8,17,0.7,0.625,0.769,0.69,16,10,6,3,11,0.725,0.308,0.667,0.421,13,4,9,2,25
"5027d3d8-b3f6-4c28-9a8a-a1e6ab573bc8",0.69,0.75,0.273,0.4,4,3,1,8,17,0.844,1,0.167,0.286,1,1,0,5,26,0.812,1,0.571,0.727,8,8,0,6,18,0.818,0.8,0.444,0.571,5,4,1,5,23,0.867,0.909,0.769,0.833,11,10,1,3,16,0.825,0.333,0.167,0.222,3,1,2,5,32
"29f34d6d-9750-433f-98f9-75e1821fcc64",0.759,1,0.364,0.533,4,4,0,7,18,0.812,0.5,0.667,0.571,8,4,4,2,22,0.625,0.75,0.214,0.333,4,3,1,11,17,0.636,0.333,0.333,0.333,9,3,6,6,18,0.7,1,0.308,0.471,4,4,0,9,17,0.825,0.429,0.5,0.462,7,3,4,3,30
"04d60ca8-f928-49a3-a4b3-7d8c65084180",0.586,0,0,NA,1,0,1,11,17,0.875,1,0.333,0.5,2,2,0,4,26,0.594,1,0.071,0.133,1,1,0,13,18,0.788,1,0.222,0.364,2,2,0,7,24,0.7,1,0.308,0.471,4,4,0,9,17,0.925,1,0.5,0.667,3,3,0,3,34
"f393e8a5-84a2-4151-b276-5ac6140622a0",0.621,NA,0,NA,0,0,0,11,18,0.812,NA,0,NA,0,0,0,6,26,0.562,0.5,0.071,0.125,2,1,1,13,17,0.727,0.5,0.222,0.308,4,2,2,7,22,0.633,0.625,0.385,0.476,8,5,3,8,14,NA,NA,NA,NA,NA,NA,NA,NA,NA
"c2cd4ff6-b483-445f-a342-c2d64b90f8a1",0.621,0.5,0.091,0.154,2,1,1,10,17,0.812,NA,0,NA,0,0,0,6,26,0.656,0.8,0.286,0.421,5,4,1,10,17,0.848,0.75,0.667,0.706,8,6,2,3,22,0.667,0.714,0.385,0.5,7,5,2,8,15,0.75,0.25,0.333,0.286,8,2,6,4,28
"dbc7b417-69f4-499d-af93-aecc401edb92",0.655,0.667,0.182,0.286,3,2,1,9,17,0.812,NA,0,NA,0,0,0,6,26,0.594,1,0.071,0.133,1,1,0,13,18,0.848,1,0.444,0.615,4,4,0,5,24,0.533,0.444,0.308,0.364,9,4,5,9,12,0.85,NA,0,NA,0,0,0,6,34
"14ece2d1-5b20-4431-bdb3-ff11822ac58d",0.724,0.8,0.364,0.5,5,4,1,7,17,0.812,NA,0,NA,0,0,0,6,26,0.594,1,0.071,0.133,1,1,0,13,18,0.818,0.8,0.444,0.571,5,4,1,5,23,0.733,0.857,0.462,0.6,7,6,1,7,16,0.85,NA,0,NA,0,0,0,6,34
"050e6e02-f0fc-4434-a37f-b727146ab3eb",0.621,0.5,0.182,0.267,4,2,2,9,16,0.812,0.5,0.333,0.4,4,2,2,4,24,0.562,0.5,0.071,0.125,2,1,1,13,17,0.727,NA,0,NA,0,0,0,9,24,0.7,1,0.308,0.471,4,4,0,9,17,0.825,0.4,0.333,0.364,5,2,3,4,31
"baa0223f-43a2-4864-ac9a-e049f79d88f7",0.655,0.545,0.545,0.545,11,6,5,5,13,0.875,0.625,0.833,0.714,8,5,3,1,23,0.562,NA,0,NA,0,0,0,14,18,0.727,NA,0,NA,0,0,0,9,24,0.7,1,0.308,0.471,4,4,0,9,17,NA,NA,NA,NA,NA,NA,NA,NA,NA
"1f64fdcf-f5e1-42ae-9a38-92cb1e740f8d",0.724,1,0.273,0.429,3,3,0,8,18,0.812,NA,0,NA,0,0,0,6,26,0.719,1,0.357,0.526,5,5,0,9,18,0.727,0.5,0.222,0.308,4,2,2,7,22,0.7,1,0.308,0.471,4,4,0,9,17,0.85,NA,0,NA,0,0,0,6,34
"6968cf9d-bcf9-417c-b670-a6d1fa971528",0.69,0.667,0.364,0.471,6,4,2,7,16,0.656,0.222,0.333,0.267,9,2,7,4,19,0.625,0.667,0.286,0.4,6,4,2,10,16,0.636,0.286,0.222,0.25,7,2,5,7,19,0.567,0.5,0.231,0.316,6,3,3,10,14,0.75,0.167,0.167,0.167,6,1,5,5,29
"06c4f11b-ed29-4697-99d6-7dcdf89c3a4d",0.759,1,0.364,0.533,4,4,0,7,18,0.875,1,0.333,0.5,2,2,0,4,26,0.719,1,0.357,0.526,5,5,0,9,18,0.848,1,0.444,0.615,4,4,0,5,24,0.633,0.667,0.308,0.421,6,4,2,9,15,0.9,0.75,0.5,0.6,4,3,1,3,33
"82ba2d1a-9e2c-45f4-8795-4fd5c001ed6a",0.793,0.857,0.545,0.667,7,6,1,5,17,0.844,1,0.167,0.286,1,1,0,5,26,0.625,0.75,0.214,0.333,4,3,1,11,17,0.879,1,0.556,0.714,5,5,0,4,24,0.667,0.667,0.462,0.545,9,6,3,7,14,0.925,1,0.5,0.667,3,3,0,3,34
"9c4e0968-2499-49a2-a9df-cf40d88adfad",0.655,0.571,0.364,0.444,7,4,3,7,15,0.906,1,0.5,0.667,3,3,0,3,26,0.688,1,0.286,0.444,4,4,0,10,18,0.818,1,0.333,0.5,3,3,0,6,24,0.7,0.667,0.615,0.64,12,8,4,5,13,0.9,1,0.333,0.5,2,2,0,4,34
"8690cffe-46a1-417f-810f-4a146dba7e8d",0.69,1,0.182,0.308,2,2,0,9,18,0.875,1,0.333,0.5,2,2,0,4,26,0.562,NA,0,NA,0,0,0,14,18,0.758,1,0.111,0.2,1,1,0,8,24,0.633,1,0.154,0.267,2,2,0,11,17,0.875,1,0.167,0.286,1,1,0,5,34
"f42964b3-d68c-4220-a63a-11a09d001a42",0.828,1,0.545,0.706,6,6,0,5,18,0.844,1,0.167,0.286,1,1,0,5,26,0.688,1,0.286,0.444,4,4,0,10,18,0.818,1,0.333,0.5,3,3,0,6,24,0.633,1,0.154,0.267,2,2,0,11,17,0.875,1,0.167,0.286,1,1,0,5,34
"7baa9a40-f9e1-455f-9477-7c6b090b49e7",0.69,0.625,0.455,0.526,8,5,3,6,15,0.844,0.571,0.667,0.615,7,4,3,2,23,0.562,NA,0,NA,0,0,0,14,18,0.818,1,0.333,0.5,3,3,0,6,24,0.6,0.667,0.154,0.25,3,2,1,11,16,0.925,1,0.5,0.667,3,3,0,3,34
"d09662f5-b911-4177-99a1-34d49a8950c7",0.621,0.5,0.182,0.267,4,2,2,9,16,0.812,NA,0,NA,0,0,0,6,26,NA,NA,NA,NA,NA,NA,NA,NA,NA,NA,NA,NA,NA,NA,NA,NA,NA,NA,NA,NA,NA,NA,NA,NA,NA,NA,NA,0.85,NA,0,NA,0,0,0,6,34
"10740bd7-ccb9-4160-99b2-92cd89b73acc",0.483,0.25,0.182,0.211,8,2,6,9,12,0.656,0.273,0.5,0.353,11,3,8,3,18,0.406,0.353,0.429,0.387,17,6,11,8,7,0.545,0.286,0.444,0.348,14,4,10,5,14,0.5,0.462,0.923,0.615,26,12,14,1,3,0.575,0.211,0.667,0.32,19,4,15,2,19
"d6406eb6-8d40-4f00-a601-6157c3f1c8aa",0.621,NA,0,NA,0,0,0,11,18,0.812,NA,0,NA,0,0,0,6,26,0.594,1,0.071,0.133,1,1,0,13,18,0.758,1,0.111,0.2,1,1,0,8,24,0.6,1,0.077,0.143,1,1,0,12,17,NA,NA,NA,NA,NA,NA,NA,NA,NA
"dcba72e6-7eb5-4fb0-965b-d3293be2ceeb",0.69,1,0.182,0.308,2,2,0,9,18,0.812,0.5,0.333,0.4,4,2,2,4,24,0.688,0.833,0.357,0.5,6,5,1,9,17,0.879,1,0.556,0.714,5,5,0,4,24,0.867,1,0.692,0.818,9,9,0,4,17,0.85,NA,0,NA,0,0,0,6,34
"7ec7b1e2-fdbb-4b2c-9dea-f4097b9533f4",0.759,1,0.364,0.533,4,4,0,7,18,0.812,NA,0,NA,0,0,0,6,26,0.562,NA,0,NA,0,0,0,14,18,0.879,0.778,0.778,0.778,9,7,2,2,22,0.6,0.667,0.154,0.25,3,2,1,11,16,0.85,NA,0,NA,0,0,0,6,34
"5df37e71-7f14-46c1-9584-4b6e022aa246",0.69,0.75,0.273,0.4,4,3,1,8,17,0.875,1,0.333,0.5,2,2,0,4,26,0.625,0.75,0.214,0.333,4,3,1,11,17,0.848,0.833,0.556,0.667,6,5,1,4,23,0.667,0.714,0.385,0.5,7,5,2,8,15,0.925,1,0.5,0.667,3,3,0,3,34
"ed9ba924-7623-46b0-bdd5-39abf6b7f1db",0.621,NA,0,NA,0,0,0,11,18,0.812,NA,0,NA,0,0,0,6,26,0.625,1,0.143,0.25,2,2,0,12,18,0.727,NA,0,NA,0,0,0,9,24,0.7,0.833,0.385,0.526,6,5,1,8,16,0.775,0.2,0.167,0.182,5,1,4,5,30
"a642712d-11e2-4c36-8ecc-31f923a3c9f9",NA,NA,NA,NA,NA,NA,NA,NA,NA,NA,NA,NA,NA,NA,NA,NA,NA,NA,NA,NA,NA,NA,NA,NA,NA,NA,NA,NA,NA,NA,NA,NA,NA,NA,NA,NA,0.633,1,0.154,0.267,2,2,0,11,17,0.85,NA,0,NA,0,0,0,6,34
"abd79dd5-1505-41c6-992f-f6fc4dc35b24",0.724,1,0.273,0.429,3,3,0,8,18,0.969,1,0.833,0.909,5,5,0,1,26,0.688,1,0.286,0.444,4,4,0,10,18,0.727,NA,0,NA,0,0,0,9,24,0.6,0.556,0.385,0.455,9,5,4,8,13,0.875,1,0.167,0.286,1,1,0,5,34
"408d3f10-2223-4be3-a54e-c35754e8ffea",0.828,1,0.545,0.706,6,6,0,5,18,0.875,1,0.333,0.5,2,2,0,4,26,0.625,1,0.143,0.25,2,2,0,12,18,0.727,NA,0,NA,0,0,0,9,24,0.667,1,0.231,0.375,3,3,0,10,17,0.925,1,0.5,0.667,3,3,0,3,34
"bb7191e6-8891-4e27-835f-d72c9dee7feb",0.621,0.5,0.273,0.353,6,3,3,8,15,0.812,NA,0,NA,0,0,0,6,26,0.562,0.5,0.071,0.125,2,1,1,13,17,0.818,1,0.333,0.5,3,3,0,6,24,0.633,0.75,0.231,0.353,4,3,1,10,16,0.875,1,0.167,0.286,1,1,0,5,34
"4d9d9d13-0118-4ae1-a351-54638e8c53d7",0.621,NA,0,NA,0,0,0,11,18,0.812,NA,0,NA,0,0,0,6,26,0.656,0.714,0.357,0.476,7,5,2,9,16,0.848,1,0.444,0.615,4,4,0,5,24,0.733,0.857,0.462,0.6,7,6,1,7,16,0.85,NA,0,NA,0,0,0,6,34
"bb52b7c2-7c59-4153-86ae-f7d18f8be190",0.69,0.75,0.273,0.4,4,3,1,8,17,0.812,NA,0,NA,0,0,0,6,26,0.688,1,0.286,0.444,4,4,0,10,18,0.909,1,0.667,0.8,6,6,0,3,24,0.667,0.8,0.308,0.444,5,4,1,9,16,0.85,NA,0,NA,0,0,0,6,34
"7b898db1-dcfc-4856-8d89-8136c09421a4",0.621,NA,0,NA,0,0,0,11,18,0.875,1,0.333,0.5,2,2,0,4,26,0.625,0.6,0.429,0.5,10,6,4,8,14,0.818,0.8,0.444,0.571,5,4,1,5,23,0.733,0.727,0.615,0.667,11,8,3,5,14,0.85,NA,0,NA,0,0,0,6,34
"2ef8f759-9336-4b2c-bbdb-a55347d092e3",0.793,0.778,0.636,0.7,9,7,2,4,16,0.938,1,0.667,0.8,4,4,0,2,26,0.688,1,0.286,0.444,4,4,0,10,18,0.697,0.333,0.111,0.167,3,1,2,8,22,0.767,0.688,0.846,0.759,16,11,5,2,12,0.9,0.75,0.5,0.6,4,3,1,3,33
"8509d042-2e3d-4dcb-b842-add399a4578d",0.828,0.8,0.727,0.762,10,8,2,3,16,0.906,0.667,1,0.8,9,6,3,0,23,0.781,1,0.5,0.667,7,7,0,7,18,0.818,0.8,0.444,0.571,5,4,1,5,23,0.7,0.667,0.615,0.64,12,8,4,5,13,0.925,0.8,0.667,0.727,5,4,1,2,33
"a67c2ac8-e227-407f-86be-36bfc1ff9306",0.69,0.667,0.364,0.471,6,4,2,7,16,0.812,NA,0,NA,0,0,0,6,26,0.562,NA,0,NA,0,0,0,14,18,0.758,1,0.111,0.2,1,1,0,8,24,0.667,0.8,0.308,0.444,5,4,1,9,16,0.85,NA,0,NA,0,0,0,6,34
"b3b26a1d-20e0-43f7-a13e-f27281149f00",0.69,0.667,0.364,0.471,6,4,2,7,16,0.812,NA,0,NA,0,0,0,6,26,0.562,NA,0,NA,0,0,0,14,18,0.758,0.6,0.333,0.429,5,3,2,6,22,0.7,0.75,0.462,0.571,8,6,2,7,15,0.725,0.143,0.167,0.154,7,1,6,5,28
"6be50190-341b-4ad7-ba7e-21c973ee5a54",0.655,0.667,0.182,0.286,3,2,1,9,17,0.812,0.5,0.333,0.4,4,2,2,4,24,0.719,1,0.357,0.526,5,5,0,9,18,0.788,1,0.222,0.364,2,2,0,7,24,0.7,0.7,0.538,0.609,10,7,3,6,14,0.825,0.4,0.333,0.364,5,2,3,4,31
"5a126b59-c1c6-41ed-8304-58b6ebb20915",0.621,0.5,0.091,0.154,2,1,1,10,17,0.938,1,0.667,0.8,4,4,0,2,26,0.688,1,0.286,0.444,4,4,0,10,18,0.879,1,0.556,0.714,5,5,0,4,24,0.767,0.75,0.692,0.72,12,9,3,4,14,0.875,0.667,0.333,0.444,3,2,1,4,33
"0cb77ca2-5502-41a8-ab06-0b7c48149f08",0.724,0.8,0.364,0.5,5,4,1,7,17,0.906,1,0.5,0.667,3,3,0,3,26,0.656,0.8,0.286,0.421,5,4,1,10,17,0.818,1,0.333,0.5,3,3,0,6,24,0.7,0.75,0.462,0.571,8,6,2,7,15,0.85,NA,0,NA,0,0,0,6,34
"59fcaa7a-531c-4447-bd8f-2f096163b572",0.621,0.5,0.182,0.267,4,2,2,9,16,0.875,0.667,0.667,0.667,6,4,2,2,24,0.594,1,0.071,0.133,1,1,0,13,18,0.758,0.667,0.222,0.333,3,2,1,7,23,0.667,0.714,0.385,0.5,7,5,2,8,15,0.825,0.333,0.167,0.222,3,1,2,5,32
"6b53b357-5198-428a-9eff-d07aa243b5e7",0.586,0.4,0.182,0.25,5,2,3,9,15,0.781,0.333,0.167,0.222,3,1,2,5,24,0.594,1,0.071,0.133,1,1,0,13,18,0.788,0.75,0.333,0.462,4,3,1,6,23,0.667,0.8,0.308,0.444,5,4,1,9,16,0.75,0.167,0.167,0.167,6,1,5,5,29
"bb6fa50f-4bf4-4c9d-ac59-4cd104b0b771",0.586,0.4,0.182,0.25,5,2,3,9,15,0.781,0.333,0.167,0.222,3,1,2,5,24,0.625,0.667,0.286,0.4,6,4,2,10,16,0.636,0,0,NA,3,0,3,9,21,0.7,0.667,0.615,0.64,12,8,4,5,13,0.725,0,0,NA,5,0,5,6,29
"a5bfdb54-ad67-4692-a023-9a0e3bed183b",0.759,0.75,0.545,0.632,8,6,2,5,16,1,1,1,1,6,6,0,0,26,0.75,1,0.429,0.6,6,6,0,8,18,0.818,0.8,0.444,0.571,5,4,1,5,23,0.633,0.571,0.615,0.593,14,8,6,5,11,0.9,1,0.333,0.5,2,2,0,4,34
"5cf4dd9f-9ded-484e-b617-d6e14800b1a7",0.586,0,0,NA,1,0,1,11,17,0.812,NA,0,NA,0,0,0,6,26,0.594,1,0.071,0.133,1,1,0,13,18,0.727,NA,0,NA,0,0,0,9,24,0.6,0.667,0.154,0.25,3,2,1,11,16,0.875,1,0.167,0.286,1,1,0,5,34
"f9fee925-3605-406f-953c-3d41b88e7767",0.621,0.5,0.091,0.154,2,1,1,10,17,0.719,0.286,0.333,0.308,7,2,5,4,21,0.594,0.667,0.143,0.235,3,2,1,12,17,0.727,0.5,0.111,0.182,2,1,1,8,23,0.633,0.75,0.231,0.353,4,3,1,10,16,NA,NA,NA,NA,NA,NA,NA,NA,NA
"474b7a4a-5397-40b4-9871-d2428714d626",0.759,1,0.364,0.533,4,4,0,7,18,0.812,NA,0,NA,0,0,0,6,26,0.562,NA,0,NA,0,0,0,14,18,0.939,1,0.778,0.875,7,7,0,2,24,0.7,0.833,0.385,0.526,6,5,1,8,16,0.875,0.667,0.333,0.444,3,2,1,4,33
"7377466d-fc42-4df1-9429-07886768cd10",0.655,1,0.091,0.167,1,1,0,10,18,0.875,1,0.333,0.5,2,2,0,4,26,0.594,1,0.071,0.133,1,1,0,13,18,0.758,1,0.111,0.2,1,1,0,8,24,0.7,1,0.308,0.471,4,4,0,9,17,0.875,1,0.167,0.286,1,1,0,5,34
"9d1e1fde-babd-42bf-a400-04c5fff771ee",0.759,1,0.364,0.533,4,4,0,7,18,0.812,NA,0,NA,0,0,0,6,26,0.719,1,0.357,0.526,5,5,0,9,18,0.818,1,0.333,0.5,3,3,0,6,24,0.7,0.833,0.385,0.526,6,5,1,8,16,0.875,1,0.167,0.286,1,1,0,5,34
"7f62c486-98ed-4b4c-a08f-49860b891eeb",0.552,0.25,0.091,0.133,4,1,3,10,15,0.781,0.4,0.333,0.364,5,2,3,4,23,0.5,0.25,0.071,0.111,4,1,3,13,15,0.545,0.125,0.111,0.118,8,1,7,8,17,0.7,1,0.308,0.471,4,4,0,9,17,0.9,0.75,0.5,0.6,4,3,1,3,33
"d4f10d84-e3f9-4e91-8958-d487e7a98e9c",0.621,0.5,0.182,0.267,4,2,2,9,16,0.812,NA,0,NA,0,0,0,6,26,0.562,NA,0,NA,0,0,0,14,18,0.788,0.75,0.333,0.462,4,3,1,6,23,0.7,0.833,0.385,0.526,6,5,1,8,16,0.8,0.4,0.667,0.5,10,4,6,2,28
"251e12ad-9b99-4e69-a635-1610f2fd82b0",0.69,0.667,0.364,0.471,6,4,2,7,16,0.812,0.5,0.333,0.4,4,2,2,4,24,0.781,1,0.5,0.667,7,7,0,7,18,0.788,1,0.222,0.364,2,2,0,7,24,0.7,0.833,0.385,0.526,6,5,1,8,16,0.85,0.5,0.333,0.4,4,2,2,4,32
"e4db4ed0-d0f2-4fb4-a2c8-064a9c599df6",0.793,1,0.455,0.625,5,5,0,6,18,0.906,1,0.5,0.667,3,3,0,3,26,0.656,0.8,0.286,0.421,5,4,1,10,17,0.788,1,0.222,0.364,2,2,0,7,24,0.6,0.6,0.231,0.333,5,3,2,10,15,0.875,1,0.167,0.286,1,1,0,5,34
"4aca20b2-85d3-494b-ab33-9c8aac184b30",0.69,1,0.182,0.308,2,2,0,9,18,0.875,1,0.333,0.5,2,2,0,4,26,0.625,1,0.143,0.25,2,2,0,12,18,0.818,0.8,0.444,0.571,5,4,1,5,23,0.667,0.8,0.308,0.444,5,4,1,9,16,0.9,1,0.333,0.5,2,2,0,4,34
"acb2e609-9395-4678-9f52-5ba161d1423f",0.759,1,0.364,0.533,4,4,0,7,18,0.844,1,0.167,0.286,1,1,0,5,26,0.625,1,0.143,0.25,2,2,0,12,18,0.788,1,0.222,0.364,2,2,0,7,24,0.7,1,0.308,0.471,4,4,0,9,17,0.875,1,0.167,0.286,1,1,0,5,34
"8618e8a9-d75d-4a37-beae-65b2003193a7",0.586,0.4,0.182,0.25,5,2,3,9,15,0.719,0,0,NA,3,0,3,6,23,0.562,0.5,0.071,0.125,2,1,1,13,17,0.697,0.333,0.111,0.167,3,1,2,8,22,0.6,0.667,0.154,0.25,3,2,1,11,16,0.825,0.333,0.167,0.222,3,1,2,5,32
"50fc0cc6-c9b0-489e-b925-aecf6143bd11",0.793,0.857,0.545,0.667,7,6,1,5,17,0.812,0.5,0.333,0.4,4,2,2,4,24,0.688,0.833,0.357,0.5,6,5,1,9,17,0.818,0.8,0.444,0.571,5,4,1,5,23,0.7,0.75,0.462,0.571,8,6,2,7,15,0.925,1,0.5,0.667,3,3,0,3,34
"340b2a87-ce48-4c95-af52-130c31d09996",0.552,0.25,0.091,0.133,4,1,3,10,15,0.844,1,0.167,0.286,1,1,0,5,26,0.594,1,0.071,0.133,1,1,0,13,18,0.788,1,0.222,0.364,2,2,0,7,24,0.7,1,0.308,0.471,4,4,0,9,17,0.75,0,0,NA,4,0,4,6,30
"927266fc-695c-43a7-83af-db89afc7f743",0.69,0.667,0.364,0.471,6,4,2,7,16,0.875,0.75,0.5,0.6,4,3,1,3,25,0.625,0.667,0.286,0.4,6,4,2,10,16,0.758,0.667,0.222,0.333,3,2,1,7,23,0.6,0.667,0.154,0.25,3,2,1,11,16,0.925,0.8,0.667,0.727,5,4,1,2,33
"ce75f664-ea05-40e5-8928-2f4ba507badc",0.724,0.714,0.455,0.556,7,5,2,6,16,0.906,0.714,0.833,0.769,7,5,2,1,24,0.781,0.889,0.571,0.696,9,8,1,6,17,0.788,0.6,0.667,0.632,10,6,4,3,20,0.667,0.667,0.462,0.545,9,6,3,7,14,0.8,0.333,0.333,0.333,6,2,4,4,30
"21844761-9368-4247-875f-1c65e4cb4fbb",0.586,0,0,NA,1,0,1,11,17,0.875,1,0.333,0.5,2,2,0,4,26,0.656,1,0.214,0.353,3,3,0,11,18,0.818,1,0.333,0.5,3,3,0,6,24,0.733,0.778,0.538,0.636,9,7,2,6,15,0.85,NA,0,NA,0,0,0,6,34
"68588d44-6579-4519-9d57-288fe112e0f7",0.724,0.8,0.364,0.5,5,4,1,7,17,0.812,NA,0,NA,0,0,0,6,26,0.594,1,0.071,0.133,1,1,0,13,18,0.788,1,0.222,0.364,2,2,0,7,24,0.6,1,0.077,0.143,1,1,0,12,17,0.9,1,0.333,0.5,2,2,0,4,34
"f7f5a7b8-ea55-4d33-a542-ca8853cb46d8",0.586,0,0,NA,1,0,1,11,17,0.719,0,0,NA,3,0,3,6,23,0.719,1,0.357,0.526,5,5,0,9,18,0.697,0.333,0.111,0.167,3,1,2,8,22,0.667,0.8,0.308,0.444,5,4,1,9,16,0.825,0.333,0.167,0.222,3,1,2,5,32
"edde4fae-6f6c-4362-9d0d-f2851ba538b6",0.828,0.875,0.636,0.737,8,7,1,4,17,0.844,0.571,0.667,0.615,7,4,3,2,23,0.719,0.857,0.429,0.571,7,6,1,8,17,0.879,1,0.556,0.714,5,5,0,4,24,0.833,0.833,0.769,0.8,12,10,2,3,15,0.85,0.5,0.667,0.571,8,4,4,2,30
"e4d15032-93cb-4f30-b3e3-8e29d42e7be6",0.828,0.875,0.636,0.737,8,7,1,4,17,0.938,1,0.667,0.8,4,4,0,2,26,0.656,0.714,0.357,0.476,7,5,2,9,16,0.848,0.833,0.556,0.667,6,5,1,4,23,0.733,1,0.385,0.556,5,5,0,8,17,0.925,1,0.5,0.667,3,3,0,3,34
"63a8427f-3bf7-45f4-8358-851211eb18c1",0.621,NA,0,NA,0,0,0,11,18,0.812,NA,0,NA,0,0,0,6,26,0.625,0.625,0.357,0.455,8,5,3,9,15,0.758,0.667,0.222,0.333,3,2,1,7,23,0.7,0.833,0.385,0.526,6,5,1,8,16,0.875,1,0.167,0.286,1,1,0,5,34
"e2afffeb-fd7c-476a-917b-e103143320eb",0.724,1,0.273,0.429,3,3,0,8,18,0.812,NA,0,NA,0,0,0,6,26,0.562,NA,0,NA,0,0,0,14,18,0.788,1,0.222,0.364,2,2,0,7,24,0.667,0.8,0.308,0.444,5,4,1,9,16,0.85,NA,0,NA,0,0,0,6,34
"e554e11a-ccb3-4fd4-92eb-00133057f09d",0.69,0.583,0.636,0.609,12,7,5,4,13,0.938,0.75,1,0.857,8,6,2,0,24,0.781,1,0.5,0.667,7,7,0,7,18,0.848,1,0.444,0.615,4,4,0,5,24,0.767,0.8,0.615,0.696,10,8,2,5,15,0.85,NA,0,NA,0,0,0,6,34
"57c26f47-e660-4c60-acbf-3f600db22eb3",0.724,1,0.273,0.429,3,3,0,8,18,0.844,0.545,1,0.706,11,6,5,0,21,0.688,1,0.286,0.444,4,4,0,10,18,0.758,0.667,0.222,0.333,3,2,1,7,23,0.833,0.9,0.692,0.783,10,9,1,4,16,0.95,1,0.667,0.8,4,4,0,2,34
"bf9f9cfa-a052-4fd5-85f8-9525c5aaecad",0.552,0.375,0.273,0.316,8,3,5,8,13,0.594,0.182,0.333,0.235,11,2,9,4,17,0.719,0.857,0.429,0.571,7,6,1,8,17,0.697,0.429,0.333,0.375,7,3,4,6,20,0.633,0.6,0.462,0.522,10,6,4,7,13,0.85,NA,0,NA,0,0,0,6,34
"f1c234ed-3f51-4e2a-a667-628b5f6b0c71",0.621,0.5,0.182,0.267,4,2,2,9,16,0.875,1,0.333,0.5,2,2,0,4,26,0.625,0.75,0.214,0.333,4,3,1,11,17,0.788,1,0.222,0.364,2,2,0,7,24,0.6,1,0.077,0.143,1,1,0,12,17,0.875,1,0.167,0.286,1,1,0,5,34
"293c56cf-938e-4436-a89f-f1418941ed19",0.759,0.667,0.727,0.696,12,8,4,3,14,0.812,0.5,0.833,0.625,10,5,5,1,21,0.656,0.714,0.357,0.476,7,5,2,9,16,0.848,0.833,0.556,0.667,6,5,1,4,23,0.7,0.625,0.769,0.69,16,10,6,3,11,0.9,0.667,0.667,0.667,6,4,2,2,32
"088dff32-733b-49e2-a921-c4f0abdeb78a",0.621,0.5,0.273,0.353,6,3,3,8,15,0.844,0.571,0.667,0.615,7,4,3,2,23,0.625,0.667,0.286,0.4,6,4,2,10,16,0.636,0.286,0.222,0.25,7,2,5,7,19,0.7,0.7,0.538,0.609,10,7,3,6,14,0.75,0.167,0.167,0.167,6,1,5,5,29
"6d00812a-d0a9-4d6c-982d-3a49f44004ff",0.621,NA,0,NA,0,0,0,11,18,0.906,0.8,0.667,0.727,5,4,1,2,25,0.719,1,0.357,0.526,5,5,0,9,18,0.848,1,0.444,0.615,4,4,0,5,24,0.767,0.875,0.538,0.667,8,7,1,6,16,0.875,0.667,0.333,0.444,3,2,1,4,33
"7a6dabb1-199f-4a85-af35-4d6614cf3e0a",0.69,0.75,0.273,0.4,4,3,1,8,17,0.812,0.5,0.333,0.4,4,2,2,4,24,0.562,0.5,0.214,0.3,6,3,3,11,15,0.667,0.4,0.444,0.421,10,4,6,5,18,0.467,0.2,0.077,0.111,5,1,4,12,13,0.675,0,0,NA,7,0,7,6,27
"a6261860-7a09-4372-acf5-e1bb24f2bf17",0.586,0,0,NA,1,0,1,11,17,NA,NA,NA,NA,NA,NA,NA,NA,NA,NA,NA,NA,NA,NA,NA,NA,NA,NA,0.758,1,0.111,0.2,1,1,0,8,24,0.6,1,0.077,0.143,1,1,0,12,17,0.825,0,0,NA,1,0,1,6,33
"0ddda046-5947-4395-a112-87dacb8d0155",0.759,1,0.364,0.533,4,4,0,7,18,0.844,1,0.167,0.286,1,1,0,5,26,0.719,1,0.357,0.526,5,5,0,9,18,0.818,1,0.333,0.5,3,3,0,6,24,0.667,0.714,0.385,0.5,7,5,2,8,15,0.9,1,0.333,0.5,2,2,0,4,34
"3d8c99c9-83fb-49ff-848e-60f05eb5f02b",0.69,0.75,0.273,0.4,4,3,1,8,17,0.938,0.833,0.833,0.833,6,5,1,1,25,0.688,1,0.286,0.444,4,4,0,10,18,0.788,0.667,0.444,0.533,6,4,2,5,22,0.8,0.769,0.769,0.769,13,10,3,3,14,0.85,0.5,0.333,0.4,4,2,2,4,32
"0fe4879b-2b97-46e9-b762-6ea60bce3c78",0.655,1,0.091,0.167,1,1,0,10,18,0.812,NA,0,NA,0,0,0,6,26,0.656,1,0.214,0.353,3,3,0,11,18,0.848,1,0.444,0.615,4,4,0,5,24,0.667,1,0.231,0.375,3,3,0,10,17,0.875,0.667,0.333,0.444,3,2,1,4,33
"4e3a30e6-b474-4f65-b802-1dd337887f1e",0.586,0.4,0.182,0.25,5,2,3,9,15,0.812,NA,0,NA,0,0,0,6,26,0.625,1,0.143,0.25,2,2,0,12,18,0.848,1,0.444,0.615,4,4,0,5,24,0.667,1,0.231,0.375,3,3,0,10,17,0.875,0.667,0.333,0.444,3,2,1,4,33
"a67c6ec2-c299-4fbd-a9e1-fd2f495cb66a",0.724,0.8,0.364,0.5,5,4,1,7,17,0.812,NA,0,NA,0,0,0,6,26,0.562,NA,0,NA,0,0,0,14,18,0.758,0.6,0.333,0.429,5,3,2,6,22,0.667,1,0.231,0.375,3,3,0,10,17,0.85,NA,0,NA,0,0,0,6,34
"f04305a9-cce4-48e2-98f0-bc94fea91fef",0.793,1,0.455,0.625,5,5,0,6,18,0.812,NA,0,NA,0,0,0,6,26,0.688,1,0.286,0.444,4,4,0,10,18,0.818,1,0.333,0.5,3,3,0,6,24,0.667,0.8,0.308,0.444,5,4,1,9,16,0.85,NA,0,NA,0,0,0,6,34
"fe87d746-0765-4213-8c09-1ec2ed666965",0.552,0.25,0.091,0.133,4,1,3,10,15,0.75,0.333,0.333,0.333,6,2,4,4,22,0.688,1,0.286,0.444,4,4,0,10,18,0.818,1,0.333,0.5,3,3,0,6,24,0.633,0.75,0.231,0.353,4,3,1,10,16,0.925,1,0.5,0.667,3,3,0,3,34
"e3e37abf-e5d7-42b9-accf-70f72a2bc227",0.724,1,0.273,0.429,3,3,0,8,18,0.938,0.75,1,0.857,8,6,2,0,24,0.562,0.5,0.214,0.3,6,3,3,11,15,0.758,1,0.111,0.2,1,1,0,8,24,0.633,0.667,0.308,0.421,6,4,2,9,15,0.875,1,0.167,0.286,1,1,0,5,34
"f7f97388-4a06-42c3-91d3-f1217d62e8ba",0.586,0,0,NA,1,0,1,11,17,0.688,0.167,0.167,0.167,6,1,5,5,21,0.625,0.75,0.214,0.333,4,3,1,11,17,0.788,1,0.222,0.364,2,2,0,7,24,0.667,0.615,0.615,0.615,13,8,5,5,12,0.75,0.167,0.167,0.167,6,1,5,5,29
"49934615-20f9-4cbb-90dd-aa7b91d52b79",0.621,NA,0,NA,0,0,0,11,18,0.812,0.5,0.333,0.4,4,2,2,4,24,0.438,0.25,0.143,0.182,8,2,6,12,12,0.727,NA,0,NA,0,0,0,9,24,0.6,0.571,0.308,0.4,7,4,3,9,14,0.75,0.3,0.5,0.375,10,3,7,3,27
"cc48384a-4553-46ea-9f8e-31c413692fd5",0.655,0.667,0.182,0.286,3,2,1,9,17,0.812,NA,0,NA,0,0,0,6,26,0.562,NA,0,NA,0,0,0,14,18,0.727,NA,0,NA,0,0,0,9,24,0.633,1,0.154,0.267,2,2,0,11,17,0.825,0,0,NA,1,0,1,6,33
"87188204-4ef7-4323-9f1a-3cd396c4154d",0.759,1,0.364,0.533,4,4,0,7,18,0.844,1,0.167,0.286,1,1,0,5,26,0.688,0.833,0.357,0.5,6,5,1,9,17,0.909,1,0.667,0.8,6,6,0,3,24,0.667,0.714,0.385,0.5,7,5,2,8,15,0.875,1,0.167,0.286,1,1,0,5,34
"2941b219-f3cf-4a1f-92f4-6bc24ce825e6",0.724,0.8,0.364,0.5,5,4,1,7,17,0.938,0.833,0.833,0.833,6,5,1,1,25,0.625,0.75,0.214,0.333,4,3,1,11,17,0.848,1,0.444,0.615,4,4,0,5,24,0.767,0.875,0.538,0.667,8,7,1,6,16,0.95,1,0.667,0.8,4,4,0,2,34
"6ae55e59-cd7c-4251-b541-2a6a4732f8db",0.621,0.5,0.182,0.267,4,2,2,9,16,0.844,0.6,0.5,0.545,5,3,2,3,24,0.812,0.9,0.643,0.75,10,9,1,5,17,0.758,0.6,0.333,0.429,5,3,2,6,22,0.6,0.529,0.692,0.6,17,9,8,4,9,0.925,1,0.5,0.667,3,3,0,3,34
"94eb3a81-e5dc-40ee-b406-b4a571d7ca7e",0.69,1,0.182,0.308,2,2,0,9,18,NA,NA,NA,NA,NA,NA,NA,NA,NA,0.594,1,0.071,0.133,1,1,0,13,18,NA,NA,NA,NA,NA,NA,NA,NA,NA,0.7,0.75,0.462,0.571,8,6,2,7,15,0.725,0.222,0.333,0.267,9,2,7,4,27
"302bb91b-b8ee-4487-9fea-e5641f1c9aef",0.483,0.167,0.091,0.118,6,1,5,10,13,0.625,0,0,NA,6,0,6,6,20,NA,NA,NA,NA,NA,NA,NA,NA,NA,0.727,NA,0,NA,0,0,0,9,24,0.633,0.667,0.308,0.421,6,4,2,9,15,0.8,0.333,0.333,0.333,6,2,4,4,30
"2375cc5b-9d82-4a58-a08f-62447609fb0b",0.621,NA,0,NA,0,0,0,11,18,0.844,1,0.167,0.286,1,1,0,5,26,0.594,0.667,0.143,0.235,3,2,1,12,17,0.788,0.75,0.333,0.462,4,3,1,6,23,0.733,1,0.385,0.556,5,5,0,8,17,0.9,1,0.333,0.5,2,2,0,4,34
"b7126d53-8c0a-476f-95b8-f9b2887bf9e1",0.724,0.8,0.364,0.5,5,4,1,7,17,0.875,1,0.333,0.5,2,2,0,4,26,0.5,0.25,0.071,0.111,4,1,3,13,15,0.879,0.778,0.778,0.778,9,7,2,2,22,0.667,0.667,0.462,0.545,9,6,3,7,14,0.825,0.333,0.167,0.222,3,1,2,5,32
"b02940f8-646e-4159-a9b6-d56c07330a0d",0.69,1,0.182,0.308,2,2,0,9,18,0.812,NA,0,NA,0,0,0,6,26,0.562,NA,0,NA,0,0,0,14,18,0.758,1,0.111,0.2,1,1,0,8,24,0.633,1,0.154,0.267,2,2,0,11,17,0.85,NA,0,NA,0,0,0,6,34
"bc664b1b-29d4-45af-9430-b0becafb9f6e",0.621,NA,0,NA,0,0,0,11,18,0.812,NA,0,NA,0,0,0,6,26,0.656,1,0.214,0.353,3,3,0,11,18,0.758,1,0.111,0.2,1,1,0,8,24,0.633,1,0.154,0.267,2,2,0,11,17,0.875,1,0.167,0.286,1,1,0,5,34
"9bf4b10f-930d-406c-8e44-ddad395bc653",0.724,1,0.273,0.429,3,3,0,8,18,0.812,NA,0,NA,0,0,0,6,26,0.562,NA,0,NA,0,0,0,14,18,0.848,1,0.444,0.615,4,4,0,5,24,0.733,0.857,0.462,0.6,7,6,1,7,16,0.9,1,0.333,0.5,2,2,0,4,34
"673e7e34-17c9-4faa-9c93-2893f08d6fcb",0.862,0.889,0.727,0.8,9,8,1,3,17,0.938,1,0.667,0.8,4,4,0,2,26,0.594,1,0.071,0.133,1,1,0,13,18,0.818,0.8,0.444,0.571,5,4,1,5,23,0.633,0.667,0.308,0.421,6,4,2,9,15,0.925,1,0.5,0.667,3,3,0,3,34
"25b555a1-a60a-42be-a827-4f4e06209cb9",0.655,0.6,0.273,0.375,5,3,2,8,16,0.938,1,0.667,0.8,4,4,0,2,26,0.75,1,0.429,0.6,6,6,0,8,18,0.758,1,0.111,0.2,1,1,0,8,24,0.633,0.75,0.231,0.353,4,3,1,10,16,0.875,0.571,0.667,0.615,7,4,3,2,31
"f68cf55f-1baf-4bac-97c4-57405729fe6a",0.759,1,0.364,0.533,4,4,0,7,18,0.812,NA,0,NA,0,0,0,6,26,0.5,0.25,0.071,0.111,4,1,3,13,15,0.727,NA,0,NA,0,0,0,9,24,0.567,0.5,0.385,0.435,10,5,5,8,12,0.8,0.333,0.333,0.333,6,2,4,4,30
"8c6cb02c-23c2-4f04-8a09-fa115a96951d",0.69,1,0.182,0.308,2,2,0,9,18,0.812,NA,0,NA,0,0,0,6,26,0.688,1,0.286,0.444,4,4,0,10,18,0.667,0.25,0.111,0.154,4,1,3,8,21,0.667,0.8,0.308,0.444,5,4,1,9,16,0.85,NA,0,NA,0,0,0,6,34
"023ea238-ed0d-4ab5-8c13-2b2fd4a10edf",0.793,1,0.455,0.625,5,5,0,6,18,0.906,1,0.5,0.667,3,3,0,3,26,0.719,1,0.357,0.526,5,5,0,9,18,0.818,1,0.333,0.5,3,3,0,6,24,0.8,0.818,0.692,0.75,11,9,2,4,15,0.9,1,0.333,0.5,2,2,0,4,34
"3c7ca37f-77bb-456b-b6d4-bd9b689e78ff",0.759,1,0.364,0.533,4,4,0,7,18,0.844,0.571,0.667,0.615,7,4,3,2,23,0.688,0.667,0.571,0.615,12,8,4,6,14,0.788,0.667,0.444,0.533,6,4,2,5,22,0.7,0.7,0.538,0.609,10,7,3,6,14,0.85,NA,0,NA,0,0,0,6,34
"7e1c5a5e-0a3b-44ba-a3b9-31fb7c5b9ad9",0.586,0.429,0.273,0.333,7,3,4,8,14,0.938,1,0.667,0.8,4,4,0,2,26,0.719,1,0.357,0.526,5,5,0,9,18,0.788,0.75,0.333,0.462,4,3,1,6,23,0.733,0.857,0.462,0.6,7,6,1,7,16,0.9,1,0.333,0.5,2,2,0,4,34
"db9b5c37-e3fe-445a-9392-885d1f4d3151",0.862,0.889,0.727,0.8,9,8,1,3,17,0.781,0.462,1,0.632,13,6,7,0,19,0.531,0.444,0.286,0.348,9,4,5,10,13,0.758,0.571,0.444,0.5,7,4,3,5,21,0.633,0.583,0.538,0.56,12,7,5,6,12,0.75,0.333,0.667,0.444,12,4,8,2,26
"1533ad57-caa9-40ba-be51-c0a00c526cc3",0.724,0.8,0.364,0.5,5,4,1,7,17,0.875,1,0.333,0.5,2,2,0,4,26,0.688,0.833,0.357,0.5,6,5,1,9,17,0.848,1,0.444,0.615,4,4,0,5,24,0.6,0.571,0.308,0.4,7,4,3,9,14,0.85,0.5,0.167,0.25,2,1,1,5,33
"5bb2f91f-0883-41b6-bfc4-74e3737888fc",0.483,0,0,NA,4,0,4,11,14,0.656,0,0,NA,5,0,5,6,21,0.438,0.167,0.071,0.1,6,1,5,13,13,0.667,0.25,0.111,0.154,4,1,3,8,21,0.633,0.75,0.231,0.353,4,3,1,10,16,0.725,0,0,NA,5,0,5,6,29
"72f48912-de1b-48b2-85f6-b512fe85d8bd",0.621,NA,0,NA,0,0,0,11,18,0.969,1,0.833,0.909,5,5,0,1,26,0.5,0.4,0.286,0.333,10,4,6,10,12,0.879,0.857,0.667,0.75,7,6,1,3,23,0.8,0.769,0.769,0.769,13,10,3,3,14,0.85,0.5,1,0.667,12,6,6,0,28
"dc24ca0b-58b6-4891-a45c-494c8b5d1b16",0.862,1,0.636,0.778,7,7,0,4,18,0.906,1,0.5,0.667,3,3,0,3,26,0.688,1,0.286,0.444,4,4,0,10,18,0.879,0.857,0.667,0.75,7,6,1,3,23,0.667,0.714,0.385,0.5,7,5,2,8,15,0.925,1,0.5,0.667,3,3,0,3,34
"7a0e2c70-d28b-4494-9aa1-4d00d42e4204",0.69,1,0.182,0.308,2,2,0,9,18,0.75,0.375,0.5,0.429,8,3,5,3,21,0.625,0.667,0.286,0.4,6,4,2,10,16,0.636,0.385,0.556,0.455,13,5,8,4,16,0.633,0.6,0.462,0.522,10,6,4,7,13,0.8,0.25,0.167,0.2,4,1,3,5,31
"d4a01e75-accf-4800-bad2-67bf54398412",0.69,1,0.182,0.308,2,2,0,9,18,0.812,NA,0,NA,0,0,0,6,26,0.719,1,0.357,0.526,5,5,0,9,18,0.788,1,0.222,0.364,2,2,0,7,24,0.7,0.833,0.385,0.526,6,5,1,8,16,0.85,NA,0,NA,0,0,0,6,34
"14cded36-3541-40be-9345-457df926173d",0.759,0.833,0.455,0.588,6,5,1,6,17,0.906,1,0.5,0.667,3,3,0,3,26,0.719,1,0.357,0.526,5,5,0,9,18,0.818,1,0.333,0.5,3,3,0,6,24,0.733,0.778,0.538,0.636,9,7,2,6,15,0.925,1,0.5,0.667,3,3,0,3,34
"3bcc8318-041d-43d1-8064-9941489ea9e7",0.621,NA,0,NA,0,0,0,11,18,0.812,NA,0,NA,0,0,0,6,26,0.625,0.75,0.214,0.333,4,3,1,11,17,0.848,1,0.444,0.615,4,4,0,5,24,0.633,0.75,0.231,0.353,4,3,1,10,16,0.875,1,0.167,0.286,1,1,0,5,34
"11559f8c-61f2-4857-976b-528e32a5a89a",0.655,1,0.091,0.167,1,1,0,10,18,0.812,NA,0,NA,0,0,0,6,26,0.656,1,0.214,0.353,3,3,0,11,18,0.879,1,0.556,0.714,5,5,0,4,24,0.7,1,0.308,0.471,4,4,0,9,17,0.85,NA,0,NA,0,0,0,6,34
"e0a504da-8232-4e38-ae63-f5c5a8f3d474",0.621,NA,0,NA,0,0,0,11,18,0.812,NA,0,NA,0,0,0,6,26,0.688,1,0.286,0.444,4,4,0,10,18,0.758,1,0.111,0.2,1,1,0,8,24,0.567,NA,0,NA,0,0,0,13,17,0.85,NA,0,NA,0,0,0,6,34
"2d62f54b-44ce-4ca2-a095-cedc1135693c",0.69,0.667,0.364,0.471,6,4,2,7,16,0.875,0.75,0.5,0.6,4,3,1,3,25,0.625,0.667,0.286,0.4,6,4,2,10,16,0.788,0.667,0.444,0.533,6,4,2,5,22,0.667,0.714,0.385,0.5,7,5,2,8,15,0.75,0.167,0.167,0.167,6,1,5,5,29
"4d7fae55-5ec5-4d6e-a900-74f7bac19ea6",0.69,1,0.182,0.308,2,2,0,9,18,0.875,1,0.333,0.5,2,2,0,4,26,0.625,1,0.143,0.25,2,2,0,12,18,0.848,1,0.444,0.615,4,4,0,5,24,0.633,1,0.154,0.267,2,2,0,11,17,0.875,1,0.167,0.286,1,1,0,5,34
"b88402ba-51c5-4645-95c9-1a20c4d04a24",0.621,NA,0,NA,0,0,0,11,18,0.812,NA,0,NA,0,0,0,6,26,0.594,0.667,0.143,0.235,3,2,1,12,17,0.697,0.333,0.111,0.167,3,1,2,8,22,0.633,0.625,0.385,0.476,8,5,3,8,14,NA,NA,NA,NA,NA,NA,NA,NA,NA
"6c7810e5-c4c5-4eeb-80c4-925ed68550ee",0.724,1,0.273,0.429,3,3,0,8,18,0.875,1,0.333,0.5,2,2,0,4,26,0.688,1,0.286,0.444,4,4,0,10,18,0.788,0.75,0.333,0.462,4,3,1,6,23,0.7,1,0.308,0.471,4,4,0,9,17,0.85,NA,0,NA,0,0,0,6,34
"0a639cff-ef49-4d80-bd36-13111420b377",0.621,NA,0,NA,0,0,0,11,18,0.812,NA,0,NA,0,0,0,6,26,0.594,0.6,0.214,0.316,5,3,2,11,16,0.788,0.667,0.444,0.533,6,4,2,5,22,0.6,0.556,0.385,0.455,9,5,4,8,13,0.85,NA,0,NA,0,0,0,6,34
"00fec1a6-a22e-4855-affc-3afaefd20653",0.759,0.75,0.545,0.632,8,6,2,5,16,0.781,0.429,0.5,0.462,7,3,4,3,22,0.656,0.8,0.286,0.421,5,4,1,10,17,0.788,0.75,0.333,0.462,4,3,1,6,23,0.733,0.857,0.462,0.6,7,6,1,7,16,0.825,0.429,0.5,0.462,7,3,4,3,30
"b7ae97c7-d562-403d-a964-c7d3f5519733",0.621,0.5,0.091,0.154,2,1,1,10,17,0.781,0.444,0.667,0.533,9,4,5,2,21,0.531,0.444,0.286,0.348,9,4,5,10,13,0.758,1,0.111,0.2,1,1,0,8,24,0.6,0.6,0.231,0.333,5,3,2,10,15,0.875,1,0.167,0.286,1,1,0,5,34
"11c8495f-e74f-4753-9aa8-dd2e63e898b8",0.621,0.5,0.091,0.154,2,1,1,10,17,0.812,0.5,0.667,0.571,8,4,4,2,22,0.719,1,0.357,0.526,5,5,0,9,18,0.818,1,0.333,0.5,3,3,0,6,24,0.733,0.727,0.615,0.667,11,8,3,5,14,0.925,0.8,0.667,0.727,5,4,1,2,33
"f2c6eede-c6c7-44c5-92eb-2f21a00bd892",0.793,0.857,0.545,0.667,7,6,1,5,17,1,1,1,1,6,6,0,0,26,0.656,1,0.214,0.353,3,3,0,11,18,0.788,0.75,0.333,0.462,4,3,1,6,23,0.667,0.8,0.308,0.444,5,4,1,9,16,0.925,1,0.5,0.667,3,3,0,3,34
"17debd98-82b1-40d9-9977-a9c5434181be",0.621,0.5,0.182,0.267,4,2,2,9,16,0.812,NA,0,NA,0,0,0,6,26,0.562,NA,0,NA,0,0,0,14,18,0.727,0.5,0.111,0.182,2,1,1,8,23,0.5,0,0,NA,2,0,2,13,15,0.85,NA,0,NA,0,0,0,6,34
"91072777-5568-44fd-a878-d333a7e6b212",0.69,0.75,0.273,0.4,4,3,1,8,17,0.812,NA,0,NA,0,0,0,6,26,0.688,1,0.286,0.444,4,4,0,10,18,0.818,0.8,0.444,0.571,5,4,1,5,23,0.633,0.75,0.231,0.353,4,3,1,10,16,0.85,NA,0,NA,0,0,0,6,34
"ced0a8ee-203f-4e1e-8bff-ed77f940a0ad",0.724,1,0.273,0.429,3,3,0,8,18,0.969,1,0.833,0.909,5,5,0,1,26,0.562,NA,0,NA,0,0,0,14,18,0.818,0.8,0.444,0.571,5,4,1,5,23,0.633,0.75,0.231,0.353,4,3,1,10,16,0.825,0.4,0.333,0.364,5,2,3,4,31
"d4b1acfe-d1a2-4ff5-a320-52ed238e434b",0.621,NA,0,NA,0,0,0,11,18,0.938,1,0.667,0.8,4,4,0,2,26,0.719,1,0.357,0.526,5,5,0,9,18,0.848,1,0.444,0.615,4,4,0,5,24,0.667,1,0.231,0.375,3,3,0,10,17,0.85,NA,0,NA,0,0,0,6,34
"72a4c776-b4bb-4941-9145-f2602ad1c713",0.759,1,0.364,0.533,4,4,0,7,18,0.812,NA,0,NA,0,0,0,6,26,NA,NA,NA,NA,NA,NA,NA,NA,NA,0.848,1,0.444,0.615,4,4,0,5,24,0.433,0,0,NA,4,0,4,13,13,0.85,NA,0,NA,0,0,0,6,34
"71c453bf-64cd-47c3-b5d8-910aba93a7b2",0.621,NA,0,NA,0,0,0,11,18,0.812,NA,0,NA,0,0,0,6,26,0.594,1,0.071,0.133,1,1,0,13,18,0.848,1,0.444,0.615,4,4,0,5,24,0.667,1,0.231,0.375,3,3,0,10,17,0.85,NA,0,NA,0,0,0,6,34
"6f4141e2-f7d5-4e8e-9029-28d86645573c",0.724,0.714,0.455,0.556,7,5,2,6,16,0.812,0.5,0.5,0.5,6,3,3,3,23,0.656,0.714,0.357,0.476,7,5,2,9,16,0.818,1,0.333,0.5,3,3,0,6,24,0.8,1,0.538,0.7,7,7,0,6,17,0.85,NA,0,NA,0,0,0,6,34
"e7938f40-ce31-40a5-9be6-16946d7302aa",0.862,0.889,0.727,0.8,9,8,1,3,17,0.906,0.8,0.667,0.727,5,4,1,2,25,0.656,1,0.214,0.353,3,3,0,11,18,0.848,0.7,0.778,0.737,10,7,3,2,21,0.8,0.706,0.923,0.8,17,12,5,1,12,0.875,0.667,0.333,0.444,3,2,1,4,33
"21156717-732f-40dc-8938-a232eb20e47c",0.759,1,0.364,0.533,4,4,0,7,18,0.844,1,0.167,0.286,1,1,0,5,26,0.625,0.75,0.214,0.333,4,3,1,11,17,0.727,0.5,0.333,0.4,6,3,3,6,21,0.6,0.667,0.154,0.25,3,2,1,11,16,0.9,1,0.333,0.5,2,2,0,4,34
"43aa7fdc-aadd-41b3-97a9-396b423cfae5",0.759,0.833,0.455,0.588,6,5,1,6,17,0.875,1,0.333,0.5,2,2,0,4,26,0.594,0.6,0.214,0.316,5,3,2,11,16,0.788,1,0.222,0.364,2,2,0,7,24,0.8,0.889,0.615,0.727,9,8,1,5,16,0.925,0.8,0.667,0.727,5,4,1,2,33
"756a7d63-f43e-43d1-9046-3f97cd658073",0.862,1,0.636,0.778,7,7,0,4,18,0.812,NA,0,NA,0,0,0,6,26,0.688,0.833,0.357,0.5,6,5,1,9,17,0.848,1,0.444,0.615,4,4,0,5,24,0.767,0.8,0.615,0.696,10,8,2,5,15,0.9,1,0.333,0.5,2,2,0,4,34
"dffb6991-2e6e-449b-9067-c4f76e375b11",0.724,0.667,0.545,0.6,9,6,3,5,15,0.844,0.545,1,0.706,11,6,5,0,21,0.688,0.833,0.357,0.5,6,5,1,9,17,0.909,1,0.667,0.8,6,6,0,3,24,0.867,0.846,0.846,0.846,13,11,2,2,15,0.925,0.667,1,0.8,9,6,3,0,31
"de1f5a09-254f-4439-950c-79411e60e80c",0.69,0.625,0.455,0.526,8,5,3,6,15,0.812,0.5,0.667,0.571,8,4,4,2,22,0.625,0.625,0.357,0.455,8,5,3,9,15,0.818,1,0.333,0.5,3,3,0,6,24,0.733,0.778,0.538,0.636,9,7,2,6,15,0.825,0.444,0.667,0.533,9,4,5,2,29
"d5a8b00e-4f09-4022-b16a-93dd25e9dcf4",0.621,NA,0,NA,0,0,0,11,18,0.812,NA,0,NA,0,0,0,6,26,0.688,1,0.286,0.444,4,4,0,10,18,0.758,1,0.111,0.2,1,1,0,8,24,0.667,0.8,0.308,0.444,5,4,1,9,16,0.85,NA,0,NA,0,0,0,6,34
"a4addfa0-fad4-4f74-bd92-7e32e0158213",0.724,1,0.273,0.429,3,3,0,8,18,0.969,1,0.833,0.909,5,5,0,1,26,0.625,0.75,0.214,0.333,4,3,1,11,17,0.788,0.667,0.444,0.533,6,4,2,5,22,0.667,0.667,0.462,0.545,9,6,3,7,14,0.9,0.667,0.667,0.667,6,4,2,2,32
"14141ead-85e6-4241-b73c-58684359cfe4",0.759,1,0.364,0.533,4,4,0,7,18,1,1,1,1,6,6,0,0,26,0.562,NA,0,NA,0,0,0,14,18,0.727,NA,0,NA,0,0,0,9,24,0.6,0.667,0.154,0.25,3,2,1,11,16,0.925,1,0.5,0.667,3,3,0,3,34
"cb24bdae-1029-47c7-9431-947ccbd73da3",0.621,0.5,0.091,0.154,2,1,1,10,17,0.812,NA,0,NA,0,0,0,6,26,0.719,1,0.357,0.526,5,5,0,9,18,0.727,NA,0,NA,0,0,0,9,24,0.667,1,0.231,0.375,3,3,0,10,17,0.85,NA,0,NA,0,0,0,6,34
"feccd07a-22bd-48ea-824f-f4e76f2592b7",0.724,1,0.273,0.429,3,3,0,8,18,0.812,NA,0,NA,0,0,0,6,26,0.688,1,0.286,0.444,4,4,0,10,18,0.909,1,0.667,0.8,6,6,0,3,24,0.667,1,0.231,0.375,3,3,0,10,17,0.85,NA,0,NA,0,0,0,6,34
"90e66104-3c8a-42b7-b545-10cacf72f927",0.552,0.25,0.091,0.133,4,1,3,10,15,0.812,NA,0,NA,0,0,0,6,26,0.594,1,0.071,0.133,1,1,0,13,18,0.727,0.5,0.111,0.182,2,1,1,8,23,0.667,0.667,0.462,0.545,9,6,3,7,14,0.85,0.5,0.167,0.25,2,1,1,5,33
"2e403ff3-67df-4f8e-add4-dee864821ea2",0.793,1,0.455,0.625,5,5,0,6,18,0.969,1,0.833,0.909,5,5,0,1,26,0.719,1,0.357,0.526,5,5,0,9,18,0.788,0.75,0.333,0.462,4,3,1,6,23,0.7,0.7,0.538,0.609,10,7,3,6,14,0.9,1,0.333,0.5,2,2,0,4,34
"e26cdd06-c2bb-4659-81d0-5b934db65ef5",0.621,NA,0,NA,0,0,0,11,18,0.875,1,0.333,0.5,2,2,0,4,26,0.594,0.667,0.143,0.235,3,2,1,12,17,0.727,NA,0,NA,0,0,0,9,24,0.8,1,0.538,0.7,7,7,0,6,17,0.9,1,0.333,0.5,2,2,0,4,34
"6d12435b-7f3c-4a16-86db-20eae0e90cad",0.69,0.75,0.273,0.4,4,3,1,8,17,0.75,0.375,0.5,0.429,8,3,5,3,21,0.562,0.5,0.357,0.417,10,5,5,9,13,0.848,0.75,0.667,0.706,8,6,2,3,22,0.7,0.611,0.846,0.71,18,11,7,2,10,0.625,0.091,0.167,0.118,11,1,10,5,24
"c46b6128-fa5b-4810-a284-55ec9c480a10",0.69,0.667,0.364,0.471,6,4,2,7,16,0.906,0.667,1,0.8,9,6,3,0,23,0.469,0.385,0.357,0.37,13,5,8,9,10,0.667,0.438,0.778,0.56,16,7,9,2,15,0.6,0.533,0.615,0.571,15,8,7,5,10,0.725,0.308,0.667,0.421,13,4,9,2,25
"72788e2f-b1db-4ef3-b9fd-f403b2504efa",0.552,0,0,NA,2,0,2,11,16,0.812,0.5,0.333,0.4,4,2,2,4,24,0.531,0.333,0.071,0.118,3,1,2,13,16,0.727,0.5,0.222,0.308,4,2,2,7,22,0.633,0.75,0.231,0.353,4,3,1,10,16,0.75,0,0,NA,4,0,4,6,30
"a1fc7804-4188-4354-8bfc-289a046b9c21",0.759,0.833,0.455,0.588,6,5,1,6,17,1,1,1,1,6,6,0,0,26,0.75,1,0.429,0.6,6,6,0,8,18,0.758,0.6,0.333,0.429,5,3,2,6,22,0.7,0.833,0.385,0.526,6,5,1,8,16,0.85,0.5,0.333,0.4,4,2,2,4,32
"43ec6b79-fe04-4f26-9588-30dc507d9d8f",0.69,0.75,0.273,0.4,4,3,1,8,17,0.938,1,0.667,0.8,4,4,0,2,26,0.594,0.571,0.286,0.381,7,4,3,10,15,0.879,0.778,0.778,0.778,9,7,2,2,22,0.8,0.818,0.692,0.75,11,9,2,4,15,0.725,0.222,0.333,0.267,9,2,7,4,27
"b88ea317-739f-411e-b221-18d70ae1724f",0.69,1,0.182,0.308,2,2,0,9,18,0.938,1,0.667,0.8,4,4,0,2,26,0.594,1,0.071,0.133,1,1,0,13,18,0.848,1,0.444,0.615,4,4,0,5,24,0.633,0.75,0.231,0.353,4,3,1,10,16,0.875,1,0.167,0.286,1,1,0,5,34
"325c0562-82e4-41a8-945f-c2b3d33a250d",0.621,NA,0,NA,0,0,0,11,18,0.719,0,0,NA,3,0,3,6,23,0.625,1,0.143,0.25,2,2,0,12,18,0.848,1,0.444,0.615,4,4,0,5,24,0.667,1,0.231,0.375,3,3,0,10,17,0.85,NA,0,NA,0,0,0,6,34
"26ea64e9-5135-4e6b-9278-93cf939c24e5",0.759,0.833,0.455,0.588,6,5,1,6,17,1,1,1,1,6,6,0,0,26,0.688,1,0.286,0.444,4,4,0,10,18,0.818,0.8,0.444,0.571,5,4,1,5,23,0.667,0.714,0.385,0.5,7,5,2,8,15,0.925,0.8,0.667,0.727,5,4,1,2,33
"7e1fc75f-36ba-4ad3-8576-a0ceb0004c27",0.621,NA,0,NA,0,0,0,11,18,0.969,1,0.833,0.909,5,5,0,1,26,0.719,1,0.357,0.526,5,5,0,9,18,0.758,0.6,0.333,0.429,5,3,2,6,22,0.7,0.643,0.692,0.667,14,9,5,4,12,0.925,0.8,0.667,0.727,5,4,1,2,33
"16ee478d-87c4-47f0-a217-831b2fa1546c",0.69,1,0.182,0.308,2,2,0,9,18,0.875,1,0.333,0.5,2,2,0,4,26,0.656,0.714,0.357,0.476,7,5,2,9,16,0.879,0.857,0.667,0.75,7,6,1,3,23,0.967,1,0.923,0.96,12,12,0,1,17,0.875,1,0.167,0.286,1,1,0,5,34
"2850dd0b-ad3d-4c6b-8578-2445ca4a92f7",0.69,0.75,0.273,0.4,4,3,1,8,17,0.906,0.8,0.667,0.727,5,4,1,2,25,0.656,1,0.214,0.353,3,3,0,11,18,0.758,1,0.111,0.2,1,1,0,8,24,0.7,0.833,0.385,0.526,6,5,1,8,16,0.875,1,0.167,0.286,1,1,0,5,34
"16301672-1c01-4b9c-822b-4e2b975cc05b",0.621,NA,0,NA,0,0,0,11,18,0.875,1,0.333,0.5,2,2,0,4,26,0.562,NA,0,NA,0,0,0,14,18,0.727,0.5,0.111,0.182,2,1,1,8,23,0.7,0.75,0.462,0.571,8,6,2,7,15,0.85,NA,0,NA,0,0,0,6,34
"5b1d5ac6-9b6c-4eaa-bb97-13035b705ca9",0.828,1,0.545,0.706,6,6,0,5,18,0.938,0.75,1,0.857,8,6,2,0,24,0.812,1,0.571,0.727,8,8,0,6,18,0.879,1,0.556,0.714,5,5,0,4,24,0.6,0.533,0.615,0.571,15,8,7,5,10,0.9,0.667,0.667,0.667,6,4,2,2,32
"6b52df0f-4adb-4d3d-9b39-4a0bff65a42d",0.828,1,0.545,0.706,6,6,0,5,18,0.875,1,0.333,0.5,2,2,0,4,26,0.656,1,0.214,0.353,3,3,0,11,18,0.939,1,0.778,0.875,7,7,0,2,24,0.833,0.786,0.846,0.815,14,11,3,2,14,0.8,0.333,0.333,0.333,6,2,4,4,30
"8d2cceb6-e8f5-4133-a604-b956ec37080d",0.655,1,0.091,0.167,1,1,0,10,18,0.844,1,0.167,0.286,1,1,0,5,26,0.594,1,0.071,0.133,1,1,0,13,18,0.788,0.75,0.333,0.462,4,3,1,6,23,0.7,0.833,0.385,0.526,6,5,1,8,16,0.85,NA,0,NA,0,0,0,6,34
"79f1ac98-c4c3-4401-949e-acc9b4af8673",0.69,1,0.182,0.308,2,2,0,9,18,0.938,1,0.667,0.8,4,4,0,2,26,0.688,0.833,0.357,0.5,6,5,1,9,17,0.818,0.8,0.444,0.571,5,4,1,5,23,0.733,0.857,0.462,0.6,7,6,1,7,16,0.875,0.571,0.667,0.615,7,4,3,2,31
"644f37cb-8cc3-484d-9beb-e21a7bdb61dc",0.862,1,0.636,0.778,7,7,0,4,18,0.938,1,0.667,0.8,4,4,0,2,26,0.656,0.8,0.286,0.421,5,4,1,10,17,0.758,0.667,0.222,0.333,3,2,1,7,23,0.7,1,0.308,0.471,4,4,0,9,17,0.925,1,0.5,0.667,3,3,0,3,34
"65a8b048-fa6f-42dd-84d4-122fc2c31425",0.655,0.667,0.182,0.286,3,2,1,9,17,0.812,0.5,0.333,0.4,4,2,2,4,24,0.656,0.8,0.286,0.421,5,4,1,10,17,0.879,1,0.556,0.714,5,5,0,4,24,0.867,0.846,0.846,0.846,13,11,2,2,15,0.85,NA,0,NA,0,0,0,6,34
"c2d1b648-0809-4bbd-b55c-bef59cfc9a9e",0.621,0.5,0.091,0.154,2,1,1,10,17,0.812,NA,0,NA,0,0,0,6,26,0.688,1,0.286,0.444,4,4,0,10,18,0.818,1,0.333,0.5,3,3,0,6,24,0.667,0.6,0.692,0.643,15,9,6,4,11,0.775,0.2,0.167,0.182,5,1,4,5,30
"37208243-640d-4724-89ed-45a6bfcb305f",0.552,0,0,NA,2,0,2,11,16,0.812,0.5,0.333,0.4,4,2,2,4,24,0.562,0.5,0.214,0.3,6,3,3,11,15,0.697,0.333,0.111,0.167,3,1,2,8,22,0.667,0.636,0.538,0.583,11,7,4,6,13,0.825,0.429,0.5,0.462,7,3,4,3,30
"972542da-8fe8-4ba8-a7f2-f0e32495af96",0.69,1,0.182,0.308,2,2,0,9,18,0.812,0.5,0.333,0.4,4,2,2,4,24,0.625,1,0.143,0.25,2,2,0,12,18,0.758,1,0.111,0.2,1,1,0,8,24,0.667,0.8,0.308,0.444,5,4,1,9,16,0.85,NA,0,NA,0,0,0,6,34
